{
    "fedavg": {
        "loss": [
            8.627546526574985,
            7.11939088102758,
            9.037633398216071,
            6.900961177042655,
            7.847716333812644,
            9.02566288525644,
            5.258508461769898,
            8.675674450996242,
            9.614686984155208,
            8.120011984946904,
            8.400299394098393,
            8.12726848517031,
            6.361700290260313,
            7.1200645676954055,
            7.190809485804984,
            6.951005183997762,
            7.003705235086518,
            6.146724135983762,
            5.218683769305761,
            4.956623167436926,
            5.786575805149736,
            4.202206233906757,
            4.430291990537023,
            4.4121117992574375,
            4.77719750337441
        ],
        "accuracy": [
            40.39499745632306,
            70.96994073356396,
            59.62246373842007,
            76.10366086791154,
            77.57486569167632,
            76.02350466143017,
            92.57704671704721,
            82.7978363706393,
            81.04354520982433,
            84.71247249120796,
            83.27232031553709,
            85.90221605592218,
            88.66879813419658,
            87.53847903892382,
            86.91379390562372,
            86.70393296633935,
            85.48399654902627,
            91.92408943909959,
            92.85854953825371,
            94.10348124562823,
            92.69602379649471,
            94.75367747852786,
            94.17762782939698,
            95.00759460034489,
            94.11769103535562
        ],
        "drift": [
            86.63079891279604,
            53.383699892807215,
            84.72107593560041,
            76.29846970765865,
            81.4175401156164,
            98.88791915769647,
            63.032960445203365,
            81.52213006655164,
            94.87043002762249,
            82.7206297161687,
            125.48048306318535,
            190.03400942300036,
            158.87143194057424,
            190.00943088836846,
            142.87099982877814,
            154.66968466697102,
            175.2954249254164,
            136.95178921042552,
            143.17919999609703,
            101.42001473582631,
            89.30410691996985,
            84.14383764990194,
            108.53264981598083,
            130.2400761225668,
            92.96434869545685
        ]
    },
    "fedprox": {
        "loss": [
            10.607160969199201,
            8.879569313713176,
            8.29838482640447,
            9.240349566241324,
            9.189744528747205,
            9.881303625103369,
            8.80479127828018,
            9.564137272220844,
            7.060042861444157,
            10.028047527155717,
            8.572445516729193,
            8.898074429078939,
            8.433154717746817,
            6.783245015581983,
            5.215332141753255,
            5.303686208499631,
            4.997305152277071,
            7.413467114019293,
            5.400805134865887,
            6.132047922887977,
            7.222458850929769,
            5.885539678940306,
            3.7388566828655163,
            4.99754388859899,
            4.8790990231175915
        ],
        "accuracy": [
            38.278119445944995,
            58.83664217727828,
            67.98304935758138,
            70.51258204304165,
            77.21212701823396,
            76.39741361816947,
            85.95800674401627,
            80.11279781789514,
            92.42207263388336,
            82.55104434017728,
            87.0359450957224,
            86.4754661895171,
            88.63901055349555,
            92.45985950958354,
            94.6174773645902,
            92.97763603054058,
            96.59270638120105,
            89.36667379386456,
            93.4128364499627,
            93.11436302101013,
            93.04714786827569,
            92.55233634666504,
            97.2895157500758,
            93.70562844674289,
            95.08443361421183
        ],
        "drift": [
            59.51554990663681,
            36.497505236457364,
            34.53776813533416,
            43.57739785714139,
            41.663927533956624,
            48.915877739740345,
            35.2666289073155,
            50.2632040611659,
            49.94472406702343,
            61.76980014381744,
            62.31350972305963,
            66.65481513107258,
            51.55462523371224,
            50.764571652105445,
            50.25920890697028,
            50.349259055972055,
            79.23113787682226,
            56.16077672766447,
            61.2775198113956,
            71.28870705311746,
            55.72466169417925,
            50.069068503407806,
            58.261253577427794,
            54.098020295713084,
            67.60396216453225
        ]
    },
    "fednova": {
        "loss": [
            8.547434393645071,
            7.7771992666838585,
            7.647934761218434,
            7.6358985312635355,
            7.7227165640344255,
            8.663931081195637,
            6.919221936328574,
            9.51429691069439,
            6.383845869973184,
            9.182498096309047,
            6.835461645188426,
            9.11672804520834,
            8.376670514626824,
            6.622736330969273,
            8.27849121912259,
            4.617557235668146,
            5.483265532872594,
            4.202160087274758,
            6.508924735613388,
            6.411091886708162,
            7.426963962139569,
            5.247553728414685,
            4.295781417746787,
            5.145882490848292,
            5.341051242192975
        ],
        "accuracy": [
            42.77375182451213,
            60.8792280773175,
            65.23530321279043,
            75.85617334921703,
            75.0828676737589,
            72.81904366701353,
            86.79404461181126,
            74.4406428217416,
            86.61162326165183,
            81.8990191661907,
            87.80611241956824,
            83.02713807718254,
            82.9000728923921,
            84.39404618971055,
            78.20764293972475,
            94.45857636577996,
            89.83460555502033,
            95.28251019604053,
            87.35706106067856,
            86.29177549520116,
            83.54524152154735,
            91.5650695798104,
            95.33338293072919,
            88.53257156681329,
            91.10805099905878
        ],
        "drift": [
            93.58728499113188,
            66.3989212448173,
            58.71812731907336,
            73.15469859281652,
            77.63785526423233,
            112.53298178210639,
            71.5490057830043,
            76.94873050186736,
            62.7232278076238,
            68.2362597137845,
            63.56263218197678,
            101.36600103720696,
            175.37138427249255,
            179.67392214955458,
            213.42485492644738,
            136.60475725087963,
            80.54356228596343,
            55.95740505104959,
            109.59196637030485,
            211.11103210296113,
            176.661628774827,
            144.23007159825963,
            89.3356651580373,
            131.79659545072096,
            139.8169772823401
        ]
    },